{
  "version": 1,
  "seed": 42,
  "fightsPerScenario": 250,
  "createdAt": "2026-05-03T09:48:46.687Z",
  "scenarios": {
    "warrior_low_field": {
      "avgDmgOnHit": 89.40407635069556,
      "avgTtkSec": 21.964600000000004,
      "ttkP50": 21.749999999999993,
      "ttkP90": 27.54999999999999,
      "ttkP95": 28.99999999999999,
      "physCritRate": 0.12463691576445736,
      "magicCritRate": 0,
      "stunLandRate": 0.3256997455470738,
      "debuffLandRate": 0,
      "missRate": 0.18378663850013202,
      "hpNetPerFight": 30.78079999999996,
      "mpNetPerFight": -138.3794000000001,
      "adenaMeanPerKill": 482.86,
      "adenaPer10kKills": 4828600,
      "deathOrTimeoutRate": 0
    },
    "warrior_low_champion": {
      "avgDmgOnHit": 90.17384333486028,
      "avgTtkSec": 31.07640000000002,
      "ttkP50": 30.44999999999999,
      "ttkP90": 37.699999999999996,
      "ttkP95": 39.15,
      "physCritRate": 0.12840612168719673,
      "magicCritRate": 0,
      "stunLandRate": 0.3540081919251024,
      "debuffLandRate": 0,
      "missRate": 0.185143710339679,
      "hpNetPerFight": -64.92480000000005,
      "mpNetPerFight": -201.34760000000023,
      "adenaMeanPerKill": 489.536,
      "adenaPer10kKills": 4895360,
      "deathOrTimeoutRate": 0
    },
    "warrior_low_dungeon": {
      "avgDmgOnHit": 88.25785262152155,
      "avgTtkSec": 58.95120000000001,
      "ttkP50": 59.45000000000004,
      "ttkP90": 68.15000000000005,
      "ttkP95": 70.39750000000002,
      "physCritRate": 0.11835891381345927,
      "magicCritRate": 0,
      "stunLandRate": 0.3540090771558245,
      "debuffLandRate": 0,
      "missRate": 0.17621015348288074,
      "hpNetPerFight": -752.3703999999996,
      "mpNetPerFight": -390.52880000000016,
      "adenaMeanPerKill": 479.176,
      "adenaPer10kKills": 4791760,
      "deathOrTimeoutRate": 0
    },
    "warrior_mid_field": {
      "avgDmgOnHit": 216.182918395574,
      "avgTtkSec": 20.775600000000022,
      "ttkP50": 20.299999999999994,
      "ttkP90": 27.54999999999999,
      "ttkP95": 28.99999999999999,
      "physCritRate": 0.15940815187046342,
      "magicCritRate": 0,
      "stunLandRate": 0.2868705035971223,
      "debuffLandRate": 0,
      "missRate": 0.19262981574539365,
      "hpNetPerFight": 263.4348000000001,
      "mpNetPerFight": -68.12959999999998,
      "adenaMeanPerKill": 1195.46,
      "adenaPer10kKills": 11954600,
      "deathOrTimeoutRate": 0
    },
    "warrior_mid_champion": {
      "avgDmgOnHit": 212.1415547024952,
      "avgTtkSec": 29.7192,
      "ttkP50": 28.99999999999999,
      "ttkP90": 37.699999999999996,
      "ttkP95": 40.6,
      "physCritRate": 0.15144418423106948,
      "magicCritRate": 0,
      "stunLandRate": 0.31403940886699505,
      "debuffLandRate": 0,
      "missRate": 0.1865729898516784,
      "hpNetPerFight": 221.59759999999994,
      "mpNetPerFight": -101.98720000000004,
      "adenaMeanPerKill": 1138.376,
      "adenaPer10kKills": 11383760,
      "deathOrTimeoutRate": 0
    },
    "warrior_mid_dungeon": {
      "avgDmgOnHit": 214.20623316660254,
      "avgTtkSec": 55.37839999999998,
      "ttkP50": 55.10000000000003,
      "ttkP90": 65.25000000000004,
      "ttkP95": 68.94750000000002,
      "physCritRate": 0.15469208211143695,
      "magicCritRate": 0,
      "stunLandRate": 0.30897972320566464,
      "debuffLandRate": 0,
      "missRate": 0.18338919145370758,
      "hpNetPerFight": -648.2848,
      "mpNetPerFight": -201.03840000000008,
      "adenaMeanPerKill": 1143.664,
      "adenaPer10kKills": 11436640,
      "deathOrTimeoutRate": 0
    },
    "warrior_high_field": {
      "avgDmgOnHit": 382.3313609467456,
      "avgTtkSec": 19.018200000000014,
      "ttkP50": 18.849999999999994,
      "ttkP90": 26.09999999999999,
      "ttkP95": 27.54999999999999,
      "physCritRate": 0.19670631290027446,
      "magicCritRate": 0,
      "stunLandRate": 0.2593320235756385,
      "debuffLandRate": 0,
      "missRate": 0.17535834095760902,
      "hpNetPerFight": 651.0408000000006,
      "mpNetPerFight": 32.71579999999997,
      "adenaMeanPerKill": 1937.904,
      "adenaPer10kKills": 19379040,
      "deathOrTimeoutRate": 0
    },
    "warrior_high_champion": {
      "avgDmgOnHit": 391.0112449799197,
      "avgTtkSec": 26.105799999999995,
      "ttkP50": 26.09999999999999,
      "ttkP90": 33.34999999999999,
      "ttkP95": 37.699999999999996,
      "physCritRate": 0.2081759608975783,
      "magicCritRate": 0,
      "stunLandRate": 0.2600140548137737,
      "debuffLandRate": 0,
      "missRate": 0.17018440346589647,
      "hpNetPerFight": 758.7632000000002,
      "mpNetPerFight": 41.42419999999996,
      "adenaMeanPerKill": 1930.036,
      "adenaPer10kKills": 19300360,
      "deathOrTimeoutRate": 0
    },
    "warrior_high_dungeon": {
      "avgDmgOnHit": 378.0155668824907,
      "avgTtkSec": 51.41699999999999,
      "ttkP50": 50.75000000000002,
      "ttkP90": 63.80000000000005,
      "ttkP95": 66.70000000000005,
      "physCritRate": 0.18996051889452906,
      "magicCritRate": 0,
      "stunLandRate": 0.255393180236604,
      "debuffLandRate": 0,
      "missRate": 0.1811618725324309,
      "hpNetPerFight": 531.2680000000009,
      "mpNetPerFight": 71.88900000000027,
      "adenaMeanPerKill": 1966.432,
      "adenaPer10kKills": 19664320,
      "deathOrTimeoutRate": 0
    },
    "archer_low_field": {
      "avgDmgOnHit": 182.1539432176656,
      "avgTtkSec": 12.606000000000012,
      "ttkP50": 11.55,
      "ttkP90": 16.5,
      "ttkP95": 18.15,
      "physCritRate": 0.12827225130890052,
      "magicCritRate": 0,
      "stunLandRate": 0.30335097001763667,
      "debuffLandRate": 0,
      "missRate": 0.17015706806282724,
      "hpNetPerFight": 1.4360000000000013,
      "mpNetPerFight": -69.04200000000007,
      "adenaMeanPerKill": 496.972,
      "adenaPer10kKills": 4969720,
      "deathOrTimeoutRate": 0
    },
    "archer_low_champion": {
      "avgDmgOnHit": 182.56151419558358,
      "avgTtkSec": 17.575799999999994,
      "ttkP50": 16.5,
      "ttkP90": 23.099999999999994,
      "ttkP95": 24.749999999999993,
      "physCritRate": 0.13067968456627863,
      "magicCritRate": 0,
      "stunLandRate": 0.3448275862068966,
      "debuffLandRate": 0,
      "missRate": 0.16672925272249342,
      "hpNetPerFight": -88.91360000000003,
      "mpNetPerFight": -99.35220000000001,
      "adenaMeanPerKill": 480.436,
      "adenaPer10kKills": 4804360,
      "deathOrTimeoutRate": 0
    },
    "archer_low_dungeon": {
      "avgDmgOnHit": 184.07012417823228,
      "avgTtkSec": 32.927399999999984,
      "ttkP50": 32.999999999999986,
      "ttkP90": 39.59999999999998,
      "ttkP95": 44.549999999999976,
      "physCritRate": 0.13148927640809782,
      "magicCritRate": 0,
      "stunLandRate": 0.35579345088161207,
      "debuffLandRate": 0,
      "missRate": 0.17678893565844858,
      "hpNetPerFight": -697.2208000000003,
      "mpNetPerFight": -195.74460000000008,
      "adenaMeanPerKill": 479.072,
      "adenaPer10kKills": 4790720,
      "deathOrTimeoutRate": 0
    },
    "archer_mid_field": {
      "avgDmgOnHit": 438.1045751633987,
      "avgTtkSec": 12.229800000000001,
      "ttkP50": 11.55,
      "ttkP90": 18.15,
      "ttkP95": 19.799999999999997,
      "physCritRate": 0.1613599568267674,
      "magicCritRate": 0,
      "stunLandRate": 0.31684981684981683,
      "debuffLandRate": 0,
      "missRate": 0.1743119266055046,
      "hpNetPerFight": 128.18540000000002,
      "mpNetPerFight": -29.704799999999988,
      "adenaMeanPerKill": 1166.788,
      "adenaPer10kKills": 11667880,
      "deathOrTimeoutRate": 0
    },
    "archer_mid_champion": {
      "avgDmgOnHit": 435.461320754717,
      "avgTtkSec": 16.9488,
      "ttkP50": 16.5,
      "ttkP90": 23.099999999999994,
      "ttkP95": 23.099999999999994,
      "physCritRate": 0.15809968847352024,
      "magicCritRate": 0,
      "stunLandRate": 0.29806451612903223,
      "debuffLandRate": 0,
      "missRate": 0.17445482866043613,
      "hpNetPerFight": 67.46640000000001,